-- MySQL dump 10.13  Distrib 8.0.29, for Linux (x86_64)
--
-- Host: localhost    Database: OFIMOBEL
-- ------------------------------------------------------
-- Server version	8.0.29-0ubuntu0.20.04.3

/*!40101 SET @OLD_CHARACTER_SET_CLIENT=@@CHARACTER_SET_CLIENT */;
/*!40101 SET @OLD_CHARACTER_SET_RESULTS=@@CHARACTER_SET_RESULTS */;
/*!40101 SET @OLD_COLLATION_CONNECTION=@@COLLATION_CONNECTION */;
/*!50503 SET NAMES utf8mb4 */;
/*!40103 SET @OLD_TIME_ZONE=@@TIME_ZONE */;
/*!40103 SET TIME_ZONE='+00:00' */;
/*!40014 SET @OLD_UNIQUE_CHECKS=@@UNIQUE_CHECKS, UNIQUE_CHECKS=0 */;
/*!40014 SET @OLD_FOREIGN_KEY_CHECKS=@@FOREIGN_KEY_CHECKS, FOREIGN_KEY_CHECKS=0 */;
/*!40101 SET @OLD_SQL_MODE=@@SQL_MODE, SQL_MODE='NO_AUTO_VALUE_ON_ZERO' */;
/*!40111 SET @OLD_SQL_NOTES=@@SQL_NOTES, SQL_NOTES=0 */;

--
-- Table structure for table `Estado`
--

DROP TABLE IF EXISTS `Estado`;
/*!40101 SET @saved_cs_client     = @@character_set_client */;
/*!50503 SET character_set_client = utf8mb4 */;
CREATE TABLE `Estado` (
  `id_estado` int NOT NULL AUTO_INCREMENT,
  `nombre` varchar(30) DEFAULT NULL,
  PRIMARY KEY (`id_estado`)
) ENGINE=InnoDB AUTO_INCREMENT=13 DEFAULT CHARSET=utf8mb4 COLLATE=utf8mb4_0900_ai_ci;
/*!40101 SET character_set_client = @saved_cs_client */;

--
-- Dumping data for table `Estado`
--

LOCK TABLES `Estado` WRITE;
/*!40000 ALTER TABLE `Estado` DISABLE KEYS */;
INSERT INTO `Estado` VALUES (1,'Puebla'),(2,'Veracruz'),(5,'Oaxaca'),(7,'Jalisco'),(9,'San Luis Potosi'),(10,'Sonora'),(11,'<br>'),(12,'<h1>HACKER</h1>');
/*!40000 ALTER TABLE `Estado` ENABLE KEYS */;
UNLOCK TABLES;

--
-- Table structure for table `Filiacion`
--

DROP TABLE IF EXISTS `Filiacion`;
/*!40101 SET @saved_cs_client     = @@character_set_client */;
/*!50503 SET character_set_client = utf8mb4 */;
CREATE TABLE `Filiacion` (
  `id_fil` int NOT NULL,
  `tipo_fil` varchar(20) DEFAULT NULL,
  PRIMARY KEY (`id_fil`)
) ENGINE=InnoDB DEFAULT CHARSET=utf8mb4 COLLATE=utf8mb4_0900_ai_ci;
/*!40101 SET character_set_client = @saved_cs_client */;

--
-- Dumping data for table `Filiacion`
--

LOCK TABLES `Filiacion` WRITE;
/*!40000 ALTER TABLE `Filiacion` DISABLE KEYS */;
INSERT INTO `Filiacion` VALUES (1,'Confianza'),(2,'FEDESSP'),(3,'FSTSE'),(4,'No Federados'),(5,'SNTE');
/*!40000 ALTER TABLE `Filiacion` ENABLE KEYS */;
UNLOCK TABLES;

--
-- Table structure for table `Municipio`
--

DROP TABLE IF EXISTS `Municipio`;
/*!40101 SET @saved_cs_client     = @@character_set_client */;
/*!50503 SET character_set_client = utf8mb4 */;
CREATE TABLE `Municipio` (
  `id_municipio` int NOT NULL AUTO_INCREMENT,
  `nombre_m` varchar(50) DEFAULT NULL,
  `id_estado` int DEFAULT NULL,
  PRIMARY KEY (`id_municipio`),
  KEY `id_estado` (`id_estado`),
  CONSTRAINT `Municipio_ibfk_1` FOREIGN KEY (`id_estado`) REFERENCES `Estado` (`id_estado`) ON DELETE SET NULL ON UPDATE CASCADE
) ENGINE=InnoDB AUTO_INCREMENT=56 DEFAULT CHARSET=utf8mb4 COLLATE=utf8mb4_0900_ai_ci;
/*!40101 SET character_set_client = @saved_cs_client */;

--
-- Dumping data for table `Municipio`
--

LOCK TABLES `Municipio` WRITE;
/*!40000 ALTER TABLE `Municipio` DISABLE KEYS */;
INSERT INTO `Municipio` VALUES (1,'SAN ANDRES CHOLULA',1),(2,'TEHUACAN',1),(3,'PUEBLA',1),(4,'CUAUTEMPAN',1),(5,'ATLIXCO',1),(6,'TEZIUTLAN',1),(7,'CHIAUTLA',1),(8,'ZACAPOAXTLA',1),(9,'HUEJOTZINGO',1),(10,'XOCHIAPULCO',1),(11,'AHUACATLAN',1),(12,'CUAUTLANCINGO',1),(13,'ZONGOZOTLA',1),(14,'TETELA DE OCAMPO',1),(15,'SAN PEDRO CHOLULA',1),(16,'XOCHITLAN DE VICENTE SUAREZ',1),(17,'ZACATLAN',1),(18,'AMOZOC',1),(19,'TLATLAUQUITEPEC',1),(20,'ZARAGOZA',1),(21,'CHIGNAHUAPAN',1),(22,'CORONANGO',1),(23,'SAN MARTIN TEXMELUCAN',1),(24,'SAN MATIAS TLALANCALECA',1),(25,'COXCATLAN',1),(26,'CUETZALAN DEL PROGRESO',1),(27,'TEPEXI DE RODRIGUEZ',1),(28,'HUAUCHINANGO',1),(29,'TECAMACHALCO',1),(30,'JUAN C BONILLA',1),(31,'IZUCAR DE MATAMOROS',1),(32,'FRANCISCO Z MENA',1),(33,'SAN GABRIEL CHILAC',1),(34,'TETELES DE AVILA CASTILLO',1),(35,'AJALPAN',1),(36,'ZINACATEPEC',1),(37,'COYOTEPEC',1),(38,'ALTEPEXI',1),(39,'TEHUITZINGO',1),(40,'VENUSTIANO CARRANZA',1),(41,'ZAUTLA',1),(42,'ACATLAN',1),(43,'PIAXTLA',1),(44,'ESPERANZA',1),(45,'TOCHTEPEC',1),(46,'CHIETLA',1),(47,'TEPEACA',1),(48,'CHALCHICOMULA DE SESMA',1),(49,'LIBRES',1),(50,'HUAQUECHULA',1),(53,'CORDOBA',NULL),(54,'GUADALAJARA',7),(55,'SAN CRISTOBAL DE LAS CASAS',5);
/*!40000 ALTER TABLE `Municipio` ENABLE KEYS */;
UNLOCK TABLES;

--
-- Table structure for table `Titular`
--

DROP TABLE IF EXISTS `Titular`;
/*!40101 SET @saved_cs_client     = @@character_set_client */;
/*!50503 SET character_set_client = utf8mb4 */;
CREATE TABLE `Titular` (
  `id` int NOT NULL AUTO_INCREMENT,
  `curp` varchar(100) DEFAULT NULL,
  `rfc` varchar(100) DEFAULT NULL,
  `nombre_completo` varchar(50) DEFAULT NULL,
  `id_municipio` int DEFAULT NULL,
  `id_fil` int DEFAULT NULL,
  `mail` varchar(50) DEFAULT NULL,
  `movil` mediumtext,
  PRIMARY KEY (`id`),
  KEY `id_municipio` (`id_municipio`),
  KEY `id_fil` (`id_fil`),
  CONSTRAINT `Titular_ibfk_1` FOREIGN KEY (`id_municipio`) REFERENCES `Municipio` (`id_municipio`) ON DELETE SET NULL ON UPDATE CASCADE,
  CONSTRAINT `Titular_ibfk_2` FOREIGN KEY (`id_fil`) REFERENCES `Filiacion` (`id_fil`) ON DELETE SET NULL ON UPDATE CASCADE
) ENGINE=InnoDB AUTO_INCREMENT=406 DEFAULT CHARSET=utf8mb4 COLLATE=utf8mb4_0900_ai_ci;
/*!40101 SET character_set_client = @saved_cs_client */;

--
-- Dumping data for table `Titular`
--

LOCK TABLES `Titular` WRITE;
/*!40000 ALTER TABLE `Titular` DISABLE KEYS */;
INSERT INTO `Titular` VALUES (2,'HEMD8206209B2','HEMD820620MVZRRN08','tercer edit',3,5,'tercer@edit.com','12345'),(3,'AURM8809178T5','AURM880917MPLGSN08','MONICA AGUILAR ROSAS',3,1,'AGUILAR.MONICA@LIVE.COM.MX','2228297659\r'),(5,'LOEM690504   ','LOEM690504MPLPSN02','MONICA LOPEZ ESCALANTE',5,5,'MONYK37@HOTMAIL.COM','2441100745\r'),(6,'CAGC840706375','CAGC840706MPLSRR08','CARMEN CASTILLO GARCIA',3,5,'ROC_529508@HOTMAIL.COM','2225487562\r'),(7,'GAMD771109U15','GAMD771109HPLRLV08','DAVID GARCIA MELCHOR',3,5,'MULDIV_117709@HOTMAIL.COM','2221515527\r'),(8,'MEMD760224   ','MEMD760224HPLZXN06','DANIEL MEZA MU#OZ',3,5,'DANIELSCE@HOTMAIL.COM','2221654272\r'),(9,'CATS801008RH8','CATS801008HPLMRR03','SERGIO CAMACHO TRUJILLO',6,1,'SCAMACHOTRUJILLO@GMAIL.COM','5554714573\r'),(10,'GASE7309308W1','GASE730930MGRRLL09','ELIA ILIANA GARCIA SILVA',3,5,'ILIGS@HOTMAIL.COM','7561129461\r'),(11,'PECC690703DR1','PECC690703HVZRRR05','CARLOS PEREZ CARBALLO',3,5,'DGETI_COOR@HOTMAIL.COM','2221173728\r'),(12,'ROGS860926TG3','ROGS860926MPLDRR02','SARA RODRIGUEZ GARCIA',3,5,'LENKRA_AZNARA@HOTMAIL.COM','2221836649\r'),(13,'LORJ800731HD6','LORJ800731MPLPYL09','JULIETA LOPEZ REYES',3,3,'MARCKGD9@HOTMAIL.COM','2221790423\r'),(14,'HEMI740325FQ3','HEMI740325HDFRRS00','ISAAC HERNANDEZ MARTINEZ',7,5,'MARTINEZISACC997@GMAIL.COM','9531442143\r'),(15,'LUSN830713FN1','LUSN830713HPLCLR09','NORBERTO LUCAS SALAZAR',8,5,'NLS83@HOTMAIL.ES','2331070261\r'),(16,'SAGN790330325','SAGN790330MDFNNN06','NANCY SANTIAGO GONZALEZ',9,3,'EVERGARASANTIAGO@GMAIL.COM','5583610750\r'),(17,'ROGJ750808','ROGJ750808MPLDRN07','JANETH RODRIGUEZ GUARNEROS',3,2,'JANETH_RGZ@HOTMAIL.COM','2224975308\r'),(18,'LORE810821','LORE810821HPLPSM01','EMMANUEL LOPEZ DE LA ROSA',3,2,'EMMANUEL.LOPEZ@PBL.AGRICULTURA.GOB.MX','2224606739\r'),(19,'HEPG860330QJ4','HEPG860330MVZRRR05','MARIA GEORGINA HERNANDEZ PEREZ',10,5,'GINA2.MHP@GMAIL.COM','2311129259\r'),(20,'AAVE840501A38','AAVE840501HHGLTZ06','EZEQUIEL ALVAREZ VITE',11,4,'MULIAEDDYO@OUTLOOK.COM','7712321611\r'),(21,'CAGI820308','CAGI820308MVZSVR02','IRMA YESENIA CASTILLO GUEVARA',3,2,'YESI_GUEVARA@HOTMAIL.COM','2221145356\r'),(22,'HEMA7611215L9','HEMA761121MOCRRR07','ARMIDA HERNANDEZ MORALES',3,5,'MORALES.HDEZ2111@GMAIL.COM','2227659078\r'),(23,'HEFA700811','HEFA700811HDFRLL07','ALEJANDRO HERRERA FLORES',3,4,'ALEJANDRO.HERRERAFLORES@GMAIL.COM','5521741351\r'),(24,'VARP771012361','VARP771012MPLLML07','PILAR VALERIO ROMERO',8,3,'EFRAIN_BONILLA09@HOTMAIL.COM','2331234567\r'),(25,'OOSK830313G32','OOSK830313MOCCTR03','KARLA IRAIS OCHOA SOTO',3,5,'KARLAIRAISSOTO@GMAIL.COM','9512469226\r'),(26,'ROMJ890126VC8','ROMJ890126HOCDRH09','JOHANN POLEVY RODRIGUEZ MARIN',2,5,'JETOSQUI@HOTMAIL.COM','2381620881\r'),(27,'GOGL701004FE3','GOGL701004MPLMRL01','LILIA FRANCISCA GOMEZ GARCIA',3,1,'LIGOGA1970_@HOTMAIL.COM','2227766349\r'),(28,'SAVV821208TR9','SAVV821208MPLNZC03','VICTORIA SANCHEZ VAZQUEZ',6,3,'AL_VO@YAHOO.COM','2221839062\r'),(29,'ROMB760122','ROMB760122MTLMXT01','BEATRIZ ROMERO MU!OZ',9,3,'DRA_BRM@HOTMAIL.COM','2224239317\r'),(30,'VARE80050338A','VARE800503MPLZYL05','ELIZABETH VAZQUEZ REYES',3,3,'EVAZQUEZ195@GMAIL.COM','2221118525\r'),(31,'VAGC750627   ','VAGC750627MDFZLL02','CLAUDIA GABRIELA VAZQUEZ GALLARDO',12,3,'CLAUDIAVAZG75@GMAIL.COM','5531277264\r'),(32,'SOGK790402NK2','SOGK790402MPLLTR07','KARINA SOLORZANO GUTIERREZ',3,3,'KARINA_GUT25@HOTMAIL.COM','2223207628\r'),(33,'RAAJ870109887','RAAJ870109HTLMLQ09','JOAQUIN RAMIREZ ALCARAZ',3,4,'JOAC_RAL@HOTMAIL.COM','5517740228\r'),(34,'LARE790604J55','LARE790604MDFLDM07','EMMA LLAVE RODRIGUEZ',2,3,'EMMA.LLAVE.ROD@GMAIL.COM','2381775917\r'),(35,'MARC871030   ','MARC871030HPLRDL02','CLAUDIO MARTINEZ RODRIGUEZ',2,5,'tuzabras@hotmail.com','2361098802\r'),(36,'MOHI770106JY3','MOHI770106HPLLRS05','ISAAC MOLINA HERNANDEZ',3,5,'issacmol.hernandez@gmail.com','5528489733\r'),(37,'SAJC820621PB3','SAJC820621MPLNMR00','MARIA DEL CARMEN SANCHEZ JIMENEZ',13,5,'CAROLYND3@HPNKNIVESG.COM','2223412349\r'),(38,'SAEM810923   ','SAEM810923MPLNSN09','MONICA SANCHEZ ESPINDOLA',2,3,'WOMAPAM452@AKXPERT.COM','2221214150\r'),(39,'LERD700411NY1','LERD700411HPLNYN02','DANIEL LEON REYES',14,3,'DALEON719@GMAIL.COM','5581357705\r'),(40,'GOMR760305QY1','GOMR760305MPLNNS03','ROSITA GONZALEZ MONTIEL',2,3,'ROSITAGONZALEZM@HOTMAIL.COM','2381134561\r'),(41,'DOMB810812F48','DOMB810812MPLMLN06','BIANCA MARIA DOMINGUEZ MILLAN',12,5,'bianchis05@hotmail.com','2223599530\r'),(42,'LAVM850110BV3','LAVM850110MVZZZR08','MAREVNA LAZCANO VAZQUEZ',1,5,'MARLAZCANO_10@OUTLOOK.COM','2226620479\r'),(43,'GORY870825L73','GORY870825MPLNDL04','YOLANDA GONZALEZ RODRIGUEZ',15,5,'YOGOROFI@GMAIL.COM','2221208158\r'),(44,'IEVC770403315','IEVC770403HPLLLR09','CARLOS ILLESCAS VALLEJO',3,5,'CARLOS_ILLESCAS@HOTMAIL.COM','2224029288\r'),(45,'MARG840717   ','MARG840717MPLRDB03','GABRIELA MARTINEZ RODRIGUEZ',2,4,'GABYMRDZ777@HOTMAIL.COM','2381872312\r'),(46,'CAGC781110   ','CAGC781110HDFRNR00','CARLOS CARMONA GONZALEZ',3,5,'HISTMAN583@GMAIL.COM','2225797743\r'),(47,'CAMA720106   ','CAMA720106MPLRNN08','ANNEL CARMONA MENDEZ',3,5,'WENEC55342@ZIK2ZIK.COM','2222760237\r'),(49,'AESR831021   ','AESR831021MPLRND01','REDID MARGARITA ARENAS SANCHEZ',3,5,'REDIDM212@GMAIL.COM','2221282826\r'),(50,'RUAV780913   ','RUAV780913MPLZGR09','VIRGINIA AMELIA RUIZ AGUILAR',17,3,'cicawa4527@teeshirtsprint.com','7917070000\r'),(51,'REMJ761122MG6','REMJ761122HPLYRN04','JUAN CARLOS REYES MARTINEZ',18,5,'NIETZSCHE.06@HOTMAIL.COM','2228382720\r'),(52,'GOCV760102LW7','GOCV760102MPLNMN04','VIANEY GONZALEZ CAMPOHERMOSO',3,5,'vgchermoso@hotmail.com','2441065506\r'),(53,'HEHD810824KC2','HEHD810824HPLRRN05','DANIEL HERNANDEZ HERNANDEZ',15,5,'DANMJ2000@GMAIL.COM','2225655995\r'),(54,'SABD8703029Q7','SABD870302MPLNZR06','DORA SARAI SANCHEZ BAEZ',5,5,'DORA_HOLA_007@HOTMAIL.COM','2441478831\r'),(55,'CAJE901201K11','CAJE901201MPLSRS03','MARIA ESTHER CASTELLANOS JUAREZ',2,5,'TETEBOON_120@HOTMAIL.COM','2381876209\r'),(56,'JUMJ90061459A','JUMJ900614HPLRRN01','JOSE JUAN JUAREZ MORAN',2,5,'JOYAZOSAN@LIVE.COM','2226947329\r'),(57,'TUHE780711467','TUHE780711MPLRRL04','MARIA ELENA TRUJILLO HERNANDEZ',2,5,'MARAVIELE@HOTMAIL.COM','2381363372\r'),(58,'LILA770311   ','LILA770311HPLMNL00','ALEXIE LIMON LANDA',5,5,'OSO1977ALEXIE@GMAIL.COM','2221133402\r'),(59,'LEAV860611629','LEAV860611MPLLLR02','VIRIDIANA ATENAS LEAL ALVAREZ',3,5,'V.ATENASLEALALVAREZ@HOTMAIL.COM','7971074806\r'),(60,'AEMA851118S7A','AEMA851118MMSRCL03','ALEJANDRA ARELLANO MACIAS',5,5,'ALEAREMAC@GMAIL.COM','7352052604\r'),(61,'JIPA880824Q8A','JIPA880824MPLMCR00','AUREA MARITZA JIMENEZ PACHECO',19,5,'CESARISAI.MJ.MJ@GMAIL.COM','2381987578\r'),(62,'RILM760509P60','RILM760509MPLVPG06','MAGDALENA RIVERA LOPEZ',3,5,'MAGGY_RIVER@HOTMAIL.COM','2224892251\r'),(63,'MOCA830907CL4','MOCA830907HPLGSL01','ALBERTO MOGOLLAN CISNEROS',3,5,'ALMOCI@HOTMAIL.COM','2212556987\r'),(64,'GUAA800927HG8','GUAA800927HPLJGN09','JOSE ANTONIO GUAJARDO AGUILAR',20,3,'JAGA270980@HOTMAIL.COM','2331025304\r'),(65,'VIML791014   ','VIML791014HPLLRS00','LUIS ALONSO VILLAFA#A MARCOS',6,5,'LUIS.ALONSO791014@GMAIL.COM','2311068762\r'),(66,'TIHM761227UH1','TIHM761227HPLRRN04','MANUEL TIRADO HERNANDEZ',19,5,'MANUELTIRADOH@HOTMAIL.COM','2331063583\r'),(67,'SAHM8709249D1','SAHM870924MTLLRR05','MERCEDES GABRIELA SALDA!A HUERTA',21,5,'FMPT591216@HOTMAIL.COM','2211095731\r'),(68,'AIPM790808LF6','AIPM790808MPLTRR03','MARTHA ALEJANDRA ATZIN PEREZ',6,5,'ATZIN.MARA@GMAIL.COM','7641091677\r'),(69,'TEMJ790721LL1','TEMJ790721HPLXNV02','JAVIER TEXCUCANO MENDEZ',22,5,'JAVIER-TEXMEN@HOTMAIL.COM','2481308445\r'),(70,'MOAE760820F14','MOAE760820HPLRLZ09','EZEQUIEL MORA ALTAMIRANO',2,5,'EMORALTAMIRANO1@GMAIL.COM','2383936578\r'),(71,'CASM8705295P3','CASM870529MPLSNN19','MONTSERRAT CASTRO SANTOS',3,5,'LUNA_290587@HOTMAIL.COM','7971035341\r'),(72,'HECC811223   ','HECC811223HPLRMS09','CESAR HERNADNEZ CAMARGO',3,4,'CAMARGOK97@GMAIL.COM','6561689934\r'),(73,'SIGC840918I81','SIGC840918HVZLRR04','CRISTIAN ALBERTO SILVA GARCIA',17,5,'CONDORES1809@GMAIL.COM','7979777823\r'),(74,'POGE760804N79','POGE760804HPLNLF03','EFRAIN PONCE GIL',12,5,'PEPO130@HOTMAIL.COM','2221082945\r'),(75,'RORM770910D42','RORM770910HMCCYR09','JOSE MAURICIO ROCHA RAYON',12,4,'MAUROCHA_RAYON@YAHOO.COM','2224656898\r'),(76,'ROLF840426V73','ROLF840426MDFDBL09','FLOR RODRIGUEZ LIBORIO',18,1,'FLORCRIS3_26@YAHOO.COM.MX','5516958342\r'),(77,'FOCD850626','FOCD850626HPLLRV04','DAVID ARMANDO FLORES DE LA CRUZ',18,4,'DAVID.FLORES.ITP@GMAIL.COM','2223559919\r'),(78,'ZERL790524P94','ZERL790524HPLNVS01','LUIS ARMANDO ZENTENO RIVERA',1,3,'DR.ZENTENORIVERA@GMAIL.COM','2223274470\r'),(79,'MOMF700321   ','MOMF700321HPLRRR02','FRANCISCO MORENO MARTINEZ',3,5,'FM.CECATI18@GMAIL.COM','2222553542\r'),(80,'SAAD7812102LA','SAAD781210MPLLCL07','MARIA DOLORES SALAZAR ACEVEDO',8,5,'MTRAMADOLORESACEVEDO1223@GMAIL.COM','2331023872\r'),(81,'RACF8509024D1','RACF850902MPLMLT07','FATIMA RAMIREZ CALIXTO',3,5,'PHATY_85@HOTMAIL.COM','2381479639\r'),(82,'TUCA8105021D3','TUCA810502HOCRRD09','ADOLFO TRUJILLO CORTES',2,5,'TEOTILANDIA_@HOTMAIL.COM','2871444188\r'),(83,'AUGV811106E41','AUGV811106HPLGRC03','VICENTE AGUILAR GARCIA',23,5,'VICENTE06AGUILAR81@GMAIL.COM','2482276707\r'),(84,'MEJM890425NC3','MEJM890425MPLJRN04','MONICA YANET MEJIA JUAREZ',3,5,'MOMEJU9@GMAIL.COM','2221432034\r'),(85,'SACB721216   ','SACV721216MGRLSL04','VALENTINA SALGADO CASTA#ON',1,5,'VAGELLO1972@HOTMAIL.COM','2224373167\r'),(86,'SACM770808QA6','SACM770808MPLNSR08','MIREYA BERENICE SANCHEZ CASTELAN',3,5,'MBSC877@GMAIL.COM','2225015497\r'),(87,'TASC800927963','TASC800927MMSPNR02','CARMEN GUADALUPE TAPIA SANCHEZ',3,5,'TAPIACARMEN768@GMAIL.COM','7771055411\r'),(88,'MASE8007137D2','MASE800713MPLRRR04','ERIKA MARTINEZ SUAREZ',3,5,'PRINCESA1185@HOTMAIL.COM','7761067644\r'),(89,'GAEG801212R81','GAEG801212MGRRSD03','GUADALUPE GARCIA ESTEVEZ',3,5,'DRYSHEY@HOTMAIL.COM','7471857701\r'),(90,'GAAX790603FR5','GAAX790603MGRRRT06','XITLALI GARCIA ARMENTA',3,5,'XITY03@HOTMAIL.COM','7551249541\r'),(91,'RAAA760315   ','RAAA760315MPLMCR06','ARDELIA RAMOS ACEVEDO',3,5,'ARDELIARAMOS76@GMAIL.COM','2224553754\r'),(92,'RORG7809017R3','RORG780901HPLDML03','GILBERTO RODRIGUEZ RAMOS',19,5,'GILRORAMOS@HOTMAIL.COM','2311552077\r'),(93,'JICN8307057G9','JICN830705MOCMLS08','NASHELY ISABEL JIMENEZ CALVO',15,5,'ISABELJC@YOPMAIL.COM','9513693612\r'),(94,'AURM690605UE9','AURM690605HPLGYN00','MANUEL II AGUILAR RAYMUNDO',24,2,'AGUILAM586@GMAIL.COM','2484886909\r'),(95,'CAAA780917F2A','CAAA780917MPLRRN05','ANAYANCY CARRERA ARMAS',25,5,'ANAYANCY_1778@HOTMAIL.COM','2361208224\r'),(96,'LOPI731219NG0','LOPI731219MPLPNR09','IRAIS LOPEZ PUENTE',26,3,'IRAISLOPEZPUENTE453@GMAIL.COM','2331063471\r'),(97,'FOJF7912067E8','FOJF791206HPLLMR28','FERNANDO FLORES JIMENEZ',27,5,'FER_ADIS@HOTMAIL.COM','2381336849\r'),(98,'NOMA850204ES7','NOMA850204MPLCRD09','ADRIANA NOCHEBUENA MARTINEZ',1,5,'ADISNOCHEBUENA_M@HOTMAIL.COM','2216079404\r'),(99,'ZASL900124SQ4','ZASL900124HPLCNS07','JOSE LUIS ZACARIAS SANCHEZ',5,5,'zacariasluis540@gmail.com','2441216016\r'),(100,'FOCE731107DH0','FOCE731107MPLLNR05','ERNESTINA FLORES CANTERO',5,3,'QFB_SCORPIO73@YAHOO.COM.MX','2431087869\r'),(101,'AUGF8109196C0','AUGF810919MPLGRB08','FABIOLA AGUILAR GARCIA',3,5,'FAG_19@HOTMAIL.COM','2228742813\r'),(102,'VIGG761212M6A','VIGG761212MHGLRD07','MA! GUADALUPE VILLEGAS GARCIA',3,5,'FLOR.AVALOS24@OUTLOOK.COM','7737333333\r'),(103,'SIRS7905056DA','SIRS790505MPLLDN04','SANDRA SILVA RODRIGUEZ',3,5,'SRSANDYLU@HOTMAIL.COM','2222525540\r'),(104,'MIFE790919318','MIFE790919HPLNRR08','ERIK GERARDO MINO FERNANDEZ',15,5,'GAELRAFIS@GMAIL.COM','2223399569\r'),(105,'LOBS860808NH0','LOBS860808MPLPRN01','SANDRA LUZ LOPEZ BRAVO',2,5,'SANDYLOPEZ_8@HOTMAIL.COM','2382031108\r'),(106,'BAPS770513858','BAPS770513MPLRRC08','SOCORRO RUBIETH BRAVO PERALTA',3,5,'RUBIETH161@HOTMAIL.COM','2224700354\r'),(107,'FUCF790101384','FUCF790101MOCNSL04','FELISSA FUENTES CASTILLEJOS',3,5,'FELISSA0101@GMAIL.COM','2221613439\r'),(108,'CALX770819   ','CALX770819MPLZPC06','XOCHITL CAZALES LOPEZ',3,5,'CAZALESWUN@HOTMAIL.COM','2228131962\r'),(109,'AUME890628UA2','AUME890628HPLGRD09','EDGAR AGUILAR MARTINEZ',3,3,'ARQUIEDGAR648@GMAIL.COM','2211963768\r'),(110,'BOHC771009HA7','BOHC771009HPLLYR00','CARLOS BOLA!OS HOYOS',3,5,'CBOH_2008@HOTMAIL.COM','2221541204\r'),(111,'RAGD871107   ','RAGD871107HPLZDN01','DANIEL MARTIN RAZO GODINEZ',3,3,'DANN_RA07@OUTLOOK.COM','5566624545\r'),(112,'PEPF771221BA8','PEPF771221MOCRVB07','FABIOLA PEREZ PAVON',3,5,'FABIOLAPEREZ@YOPMAIL.COM','9531880982\r'),(113,'HERE81121924A','HERE811219MPLRMV00','EVA HERNANDEZ ROMERO',3,5,'lonase5871@wpfoo.com','2221860072\r'),(114,'OIGE870106N72','OIGE870106MHGLYS07','ESMERALDA LIZBETH OLIVER GAYOSSO',28,3,'ESBU_21@HOTMAIL.COM','7761542706\r'),(115,'RARK800113EN2','RARK800113MPLMMR02','KARINA RAMIREZ ROMERO',29,5,'KARI_200980@HOTMAIL.COM','2491361658\r'),(116,'LOHA720410   ','LOHA720410MPLPRP03','APOLONIA CECILIA LOPEZ HERNANDEZ',2,3,'CHUYTOLA@GMAIL.COM','2381861698\r'),(117,'ROMR800607S50','ROMR800607HPLSRB04','ROBERTO ROSALES MORA',3,3,'ROBERT-HIPNOSIS@HOTMAIL.COM','2464632256\r'),(118,'BAGE870710KG1','BAGE870710MPLRLR04','ERIKA JANETE BARCO GUILLEN',3,3,'ERIKABG_198@OUTLOOK.COM','2491600986\r'),(119,'FEGE770903IT1','FEGE770903HOCRRR02','ERIC FERNANDEZ GARCIA',3,3,'JOSEPHFDZNARUTO@ICLOUD.COM','9511967256\r'),(120,'HESR8801068H9','HESR880106MPLRLY08','REYNA LETICIA HERNANDEZ SALAZAR',3,5,'DELAROSA_AYLIN.23@HOTMAIL.COM','2224390257\r'),(121,'FODS770316871','FODS770316MPLLLN04','SONNIA FLORES DELGADO',3,5,'HERCHITO@HOTMAIL.COM','2225328376\r'),(122,'GOAJ780808NJ0','GOAJ780808HVZNRN08','JUAN PABLO GONZALEZ ARMAS',3,3,'ARMASGO88@HOTMAIL.COM','2323293739\r'),(123,'REHR790921I92','REHR790921MPLYRC06','MARIA DEL ROCIO REYES HERNANDEZ',6,5,'PSIC_MROCIO@HOTMAIL.COM','2221945137\r'),(124,'CAVL7902174W4','CAVL790217MPLLRT06','MARIA LETICIA CALDERON VARGAS',19,5,'CALDERONVARGASMARIALETICIA@GMAIL.COM','2331176549\r'),(125,'HULK821128EXA','HULK821128MTLRMR04','KARINA HUERTA LIMON',3,3,'HUERTA_KARI@HOTMAIL.COM','2462162310\r'),(126,'SAPA740214S29','SAPA740214HPLNRN04','JOSE ANGEL SANCHEZ PRIEGO',3,2,'TRABAJOYCONFLICTOS@SINDICATOCAPUFE.ORG','2454560932\r'),(127,'BOCS840611HIA','BOCS840611MPLLLN09','SANDRA BOLIVAR CALDERON',3,5,'SANDY_GOR@HOTMAIL.COM','7472184960\r'),(128,'CUAA810119772','CUAA810119MDFRRN02','ANA LILIA CRUZ ARROYO',17,4,'ALCAMED19@HOTMAIL.COM','5543607875\r'),(129,'AIPS780814   ','AIPS780814HPLVDL08','SAUL AVILA PADILLA',23,4,'LUZDFENIX5@GMAIL.COM','2821231980\r'),(130,'MOGB781006   ','MOGB781006MPLRLT10','BETHSABE MORENO GALICIA',15,5,'78MORENOGALI@GMAIL.COM','2224592452\r'),(131,'GOTE790416','GOTE790416HVZNRM05','EMIR SHAIB GONZALEZ TIRSO',8,4,'EMIR.SHAIB@GMAIL.COM','5585289747\r'),(132,'AIER790106ME6','AIER790106HPLMNY09','REYES AMIGON ENRIQUEZ',5,5,'REYAMIGON790106@HOTMAIL.COM','2447852625\r'),(133,'RACA830928IQ7','RACA830928MPLMDD07','AIDA RAMIREZ CID',2,5,'YAYIS_CID@HOTMAIL.COM','2381026322\r'),(134,'SAHE69052054A','SAHE690520MPLNTM05','EMELIA SANCHEZ HUITZIL',3,3,'romhercel@yahoo.com.mx','2225493499\r'),(135,'CAVG871006913','CAVG871006MMNSRB05','GABRIELA CASTILLO VARGAS',3,5,'GABYCASTILLO87V@GMAIL.COM','2226624516\r'),(136,'JUPM780904   ','JUPM780904MJCRLR09','MIRIAM ROXANA JUAREZ PALAFOX',3,4,'MIRIAM.JUAREZ@PGR.GOB.MX','2224146728\r'),(137,'TEGX860808M37','TEGX860808MPLRSC18','XOCHIQUETZAL TREJO GASPAR',3,5,'QUETZAL_47@HOTMAIL.COM','2211568149\r'),(138,'TECA760909TP0','TECA760909HPLLRL00','ALFREDO TELLEZ CARRANZA',28,5,'mao_atc@hotmail.com','7761063098\r'),(139,'GAHR841015   ','GAHR841015MPLLRS01','MARIA ROSA GALICIA HERRERA',3,3,'MARONGH_@HOTMAIL.COM','2223812284\r'),(140,'AACR790104','AACR790104MPLNSC05','ROCIO ANALCO CASTILLO',5,5,'PATY.GALRE@GMAIL.COM','2221564789\r'),(141,'ROAC821129   ','ROAC821129MPLDLL03','CELIA GUADALUPE RODRIGUEZ ALMARAZ',3,5,'MTRACELIARODRIGUEZ@OUTLOOK.COM','2222457896\r'),(142,'HEBR780605RK3','HEBR780605HPLRLB06','JOSE ROBERTO HERNANDEZ BELLO',3,5,'HERNANDEZBELLOJOSEROBERTO@GMAIL.COM','2212104635\r'),(143,'BAMC8510306H3','BAMC851030MPLTRC09','CECILIA BAUTISTA MORAN',2,5,'lic.cbautistam@hotmail.com','2381166445\r'),(144,'VAMT860820RZ7','VAMT860820MPLZZR02','TERESA VAZQUEZ MEZA',3,5,'ELENITAPICHI23@GMAIL.COM','2212839520\r'),(145,'SASE8512016Z7','SASE851201MPLNNR09','ERIKA SANDOVAL SANDOVAL',30,5,'ERIK1214@OUTLOOK.COM','2224140702\r'),(146,'HEHA690505XXX','HEHA690505MPLRRN08','MARIA DE LOS ANGELES HERNANDEZ HERNANDEZ',3,3,'ANGELESHH050569@GMAIL.COM','2221864967\r'),(147,'SAID740809   ','SAID740809HPLNTV01','JOSE DAVID SANCHEZ DE ITA',3,5,'DAVIDSI89DEITA@GMAIL.COM','2224562813\r'),(148,'CASJ661101DF6','CASJ661101HPLRLR09','JORGE JAVIER CARRERA SALAZAR',2,5,'CARRERAJORGEZ@HOTMAIL.COM','2381013864\r'),(149,'CAVM721003CG9','CAVM721003MPLRZR07','MARISOL CARCAMO VAZQUEZ',3,5,'olga_garciah@hotmail.com','2229543124\r'),(150,'ZAMO8205237G3','ZAMO820523HDFRRR02','ORLANDO ZARAGOZA MARTINEZ',21,4,'SLOVENKO.SLOVENKO@GMAIL.COM','5549121691\r'),(151,'LOMM700622U5A','LOMM700622HPLPLR01','MARCO ANTONIO LOPEZ MELENDEZ',3,3,'LMMARCO7006@GMAIL.COM','2212671760\r'),(152,'RAEM870626V46','RAEM870626MPLMSN00','MONTSERRAT RAMIREZ ESTRADA',3,5,'PRINCESITAMOXA2606@GMAIL.COM','2221631571\r'),(153,'AASS8309285P4','AASS830928HPLTND04','JOSE SAUD ATLATENCO SANDOVAL',3,5,'DUASFAFNIR@HOTMAIL.COM','2226183488\r'),(154,'ROHH8307021FA','ROHH830702HPLMYB01','HEBER ROMERO HOYOS',31,5,'HHEBER83@HOTMAIL.COM','2431134404\r'),(155,'GONJ840410RE3','GONJ840410HPLNJL08','JULIO CESAR GONZAGA NAJERA',3,5,'CISCO1084@HOTMAIL.COM','2223157632\r'),(156,'MOCL860523FQ0','MOCL860523MPLNRN00','LENIS ADRIANA MONTES CORTES',32,5,'LENIS_2306@OUTLOOK.COM','9241148450\r'),(157,'MAMM870504NA2','MAMM870504MPLCXR04','MARICRUZ MACEDA MU!OZ',2,5,'BELL_ALOVE@HOTMAIL.COM','2381096693\r'),(158,'TOAY8801178W4','TOAY880117MPLRGR08','YARELY TORRES AGUILAR',3,5,'YARETA_884@HOTMAIL.COM','2222543698\r'),(159,'RUGE850829   ','RUGE850829HPLBZD05','EDUARDO RUBIO GUZMAN',2,5,'ERG90@HOTMAIL.COM','2381322547\r'),(160,'GOVU870823UZ7','GOVU870823HPLNLR05','URIEL RUBEN GONZALEZ VILLA',3,5,'URIEL2313@HOTMAIL.COM','2311120590\r'),(161,'IAMC890127LJ7','IAMC890127MPLBRL07','CELESTINA DENISSE IBARRA MARTINEZ',3,5,'CDIBM@HOTMAIL.COM','2228649474\r'),(162,'ROTM870226S42','ROTM870226MPLBLN00','MONTSERRAT SUSANA ROBLES TOLENTINO',6,5,'FACICASAPUEBLA@YAHOO.COM','2221696969\r'),(163,'FOAN6909029V8','FOAN690902MGRLVT03','MARIA NATIVIDAD FLORES AVILA',3,5,'NATIVISH_@HOTMAIL.COM','7472005979\r'),(164,'AEMA84040394A','AEMA840403MPLNNN05','ANAID LIZBETH DEL ANGEL MENDEZ',6,5,'DELANGELANAID8@GMAIL.COM','2311566939\r'),(165,'CAGK8805068N1','CAGK880506MVZHZR04','KARINA CHACON GUZMAN',3,5,'KARIKARI240_@HOTMAIL.COM','2226652875\r'),(166,'CULD880329GD3','CULD880329MDFRLN06','DINA ROXANA CRUZ LEAL',3,5,'CRUZLEALDINAROXANA@HOTMAIL.COM','5518365185\r'),(167,'ROAH8711176LA','ROAH871117MPLMRL08','HILDA MIRIAM ROMERO AUROZA',3,5,'AUROZAROMERO@GMAIL.COM','2441461616\r'),(168,'AUAK890808LD8','AUAK890808MPLNLR07','KARLA YUZZETTE ANTUNEZ ALONSO',5,5,'KARLAYUZZETTE@GMAIL.COM','2444450875\r'),(169,'GUGS860523M54','GUGS860523MTLZZN07','SONIA GUZMAN GUZMAN',3,5,'ZONNIAGG@GMAIL.COM','2227074281\r'),(170,'MAGA841017R11','MAGA841017HPLRNN04','JOSE ANTONIO MARQUEZ GONZALEZ',8,5,'PPMRKZ_917@HOTMAIL.COM','2331024883\r'),(171,'SOGA8404142H2','SOGA840414MPLTLR01','ARISAI SOTO GALINDO',28,5,'ARISAISG@GMAIL.COM','7761025120\r'),(172,'PICA720114LSA','PICA720114HPLCRL04','ALBERTO ALFONSO PICAZO CRUZ',3,3,'ASEC_PE@HOTMAIL.COM','2221194757\r'),(173,'LAME830510IX6','LAME830510MPLVRR04','ERIKA LAVOIGNET MARTINEZ',2,3,'IHOWEM_N910Z@JUZAB.COM','2381191411\r'),(174,'JUCG840728HQ6','JUCG840728MPLRSD07','MARIA GUADALUPE JUAREZ CASTILLO',9,5,'JUCALUPITA7@GMAIL.COM','2211603217\r'),(175,'MUCG8006098F7','MUCG800609HPLNRS08','GUSTAVO MUNGUIA CARREON',8,5,'JOTAGA09@HOTMAIL.COM','2331213123\r'),(176,'ROME890812MM3','ROME890812MPLBNL00','ELBA NANCY ROBLES MENDOZA',9,5,'NANMORALES335@GMAIL.COM','2271043363\r'),(177,'HECA811226NC0','HECA811226HOCRVR06','ARMANDO HERRERA CUEVAS',3,3,'CHIVATO_11@HOTMAIL.COM','2227140156\r'),(178,'RACA891212TK1','RACA891212MPLMRL04','ALMA GUADALUPE RAMOS CORIO',5,5,'APPLE_APPI@HOTMAIL.COM','2441477344\r'),(179,'NOAF8304079Z5','NOAF830407HPLLNR03','FRANCISCO NOLASCO ANGEL',2,5,'FRANKNO_@HOTMAIL.COM','2381895378\r'),(180,'SIVG710302E69','SIVG710302HPLLLR01','GERARDO SILVA VILLASCAN',3,1,'GSVILLASCAN@GMAIL.COM','2381031505\r'),(181,'HEAI831027CG3','HEAI831027HPLRLV06','IVAN HERNANDEZ ALTAMIRANO',2,5,'CORZO2783@MSN.COM','2361205160\r'),(182,'CEME740928   ','CEME740928MDFRRS07','ESPERANZA CERVANTES MERCADO',3,2,'ESPERANZA.CERVANTES34@HOTMAIL.COM','2225235794\r'),(183,'GARA851220FD9','GARA851220MPLRDM01','AMERICA GARCIA RODRIGUEZ',3,1,'AMERICA-AGR@HOTMAIL.COM','2221922553\r'),(184,'FOJL8006156C0','FOJL800615MTLLRB01','LIBIA FLORES JUAREZ',15,5,'LIBIA.FLORES.JUAREZ@GMAIL.COM','2461700570\r'),(185,'DILA810515A93','DILA810515HPLZNL00','ALFREDO DIAZ LANDA',3,5,'ALFREDODIAZLANDA@YAHOO.COM.MX','2224376677\r'),(186,'COZL7302192R1','COZL730219MPLRNC06','LUCIA CORTES ZENO',3,5,'MTRALUCIACORTES@GMAIL.COM','2227528239\r'),(187,'SOMN840424QG3','SOMN840424MPLTDY01','NYDRIA SOTO MEDEL',5,5,'NYDRIASM@GMAIL.COM','2441356351\r'),(188,'BEMJ7906092I9','BEMJ790609HTLLRR02','JORGE ANTONIO BELLO MARIN',3,4,'JORGE_BELLOCR7@HOTMAIL.COM','2481024165\r'),(189,'LOND831102S30','LOND831102MPLBVL02','DULCE LOBATO NAVA',3,5,'KENDRA0220@HOTMAIL.COM','2221278534\r'),(190,'ROCM770722   ','ROCM770722HPLDHG00','JOSE MAGDALENO RODRIGUEZ CHOCOLATL',30,5,'RODRIGUEZ1925@HOTMAIL.COM','2228653059\r'),(191,'BOMA770701QE8','BOMA770701MPLNNN00','ANABEL BONILLA MENDEZ',3,5,'ANABEL-B-M@HOTMAIL.COM','7971103052\r'),(192,'SICO850424HD7','SICO850424MPLLSF08','OFELIA YUVARI SILVA CASTILLO',5,5,'PSALAZARG18@GMAIL.COM','2445545556\r'),(193,'AUGN880214HR4','AUGN880214MOCQTS03','NASHIELLY AQUINO GUTIERREZ',3,5,'ACUARIO214@GMAIL.COM','9511234394\r'),(194,'AAGG8304073D1','AAGG830407HPLRRR06','GREGORIO ISAAC ARMAS GARRIDO',17,5,'GREGORY-AZUL@HOTMAIL.COM','2223076385\r'),(195,'CAEL700414   ','CAEL700414MPLSSS05','LUISA MIREYA CASTELLANOS ESTUARDO',9,3,'MYRECEL@HOTMAIL.COM','2226685630\r'),(196,'OIMJ631111TI0','OIMJ631111HPLLNL08','JULIO CESAR OLIVAREZ MANZANO',8,5,'ARA_OLIMAN19@HOTMAIL.COM','2331354073\r'),(197,'TEND870806BR2','TEND870806HPLLVV01','DAVID TELLEZ NAVARRO',2,5,'DAVIDTELLEZNAVARRO@GMAIL.COM','2382487291\r'),(198,'LOVG851201Q40','LOVG851201MPLPLD08','GUADALUPE INES LOPEZ VELAZQUEZ',3,5,'GILV0116@HOTMAIL.COM','2454509654\r'),(199,'GAJJ860108P3A','GAJJ860108HGRRMS17','JESUS EMILIO GARCIA JAIMES',1,5,'JEEMGAJA@GMAIL.COM','7561153448\r'),(200,'MAAN8611063NA','MAAN861106MPLRLL01','NALLELY MARQUEZ ALVARADO',8,5,'GRAFICEL2011@HOTMAIL.COM','2331181173\r'),(201,'MAGD8206167C3','MAGD820616HMSLTV00','DAVID MALAGON GUTIERREZ',2,5,'DAVILIMBA@HOTMAIL.COM','2381028452\r'),(202,'NASF831127EH0','NASF831127MPLRNC08','FACUNDA AMALIA NARCISO DE LOS SANTOS',33,1,'AMALIA2767@HOTMAIL.COM','2381851430\r'),(203,'HERL821214KL7','HERL821214MPLRMY08','LYDIA HERNANDEZ RAMIREZ',34,5,'AIDYLHER@GMAIL.COM','2311228064\r'),(204,'TECF841112963','TECF841112HPLRMR04','FERNANDO TREVI!O DEL CAMPO',3,3,'PSIQFER@GMAIL.COM','5554023846\r'),(205,'FOVD850923RC3','FOVD850923HMCLLG06','DIEGO RODOLFO FLORES VILLAGOMEZ',2,3,'karina_flovilla@Hotmail.com','2381512048\r'),(206,'AIFP710524EKA','AIFP710524MPLVLT04','PATRICIA AVILA FLORES',3,3,'JEWAVEH239@ADEATA.COM','2225318169\r'),(207,'CAYE890912LM3','CAYE890912MPLNXS06','ESTHER CANO YA!EZ',2,5,'ESTHER_RM_7@HOTMAIL.COM','2381086208\r'),(208,'HEMC780921XXX','HEMC780921MPLRRL05','MARIA CLAUDIA HERNANDEZ MORALES',3,5,'HDZM.3363@GMAIL.COM','2212498536\r'),(209,'BARV8511228D5','BARV851122HPLRSC00','VICTOR MANUEL BRAVO RIOS',3,5,'VIKO_BRAVO@HOTMAIL.COM','2221929923\r'),(210,'VIHB800803   ','VIHB800803MPLDRR09','BRISEYDA VIDALS HERNANDEZ',3,2,'BRISVIDALS80@OUTLOOK.COM','2225234532\r'),(211,'ROMY780516AL4','ROMY780516MCLDZD09','YADIRA ELIZABETH RODRIGUEZ MEZA',3,5,'YADIRA3688@YAHOO.COM.MX','2211799943\r'),(212,'LOAM830113   ','LOAM830113MPLZGR06','MARLEN LOZANO AGUILAR',5,5,'MALE_LOZANO83@HOTMAIL.COM','2441136343\r'),(213,'CABY8908118G8','CABY890811MPLHLD05','YUDIANA YOSELYN CHAVEZ BOLA!OS',31,5,'YUDIYOS1108@GMAIL.COM','2431017075\r'),(214,'GAEJ690905571','GAEJ690905HDFRNL06','JULIO GARCIA ENTZANA',3,5,'JENTZANA_69@HOTMAIL.COM','7561057692\r'),(215,'RURB820129RW8','RURB820129MPLZMT04','BEATRIZ RUIZ RAMIREZ',3,3,'BTSA_STAR@HOTMAIL.COM','2221790430\r'),(216,'PEBR850321RB9','PEBR850321HHGRRS09','ROSENDO PEREZ BERNAL',35,4,'ROSENDO2829@GMAIL.COM','7752669842\r'),(217,'ROAE840718BF6','ROAE840718MPLMPL07','ELSA DEL CARMEN ROMERO APANGO',6,5,'APANGOROMEROE@GMAIL.COM','2311161915\r'),(218,'SAMA880920TU8','SAMA880920MPLNRD01','ADRIANA SANDOVAL MORA',3,5,'ADRIS20.MORA@GMAIL.COM','2751001519\r'),(219,'SABA870828S94','SABA870828MPLNTG02','AGUSTINA SANTIAGO BAUTISTA',3,5,'ESTRELLADEORO13@GMAIL.COM','7761108794\r'),(220,'DIMA681126PB9','DIMA681126HVZZNL02','JOSE ALEJANDRO DIAZ MENDEZ',15,1,'ALDIM07@HOTMAIL.COM','5579598076\r'),(221,'MUBH800912   ','MUBH800912MPLXNL08','MARIA HILDA MU!OZ BENITEZ',3,5,'CHATITA.12@HOTMAIL.COM','2212293277\r'),(222,'JOGJ870624P31','JOGJ870624MPLRLN00','JUANA IRIS JORGE GALINDO',3,5,'IRANGALIVALLE@GMAIL.COM','2215982812\r'),(223,'LOPC880301759','LOPC880301MPLPLR01','MARIA DEL CARMEN LOPEZ PALALIA',3,1,'MARIA.LOPEZP@PGR.GOB.MX','2223009745\r'),(224,'CUMV850306ES9','CUMV850306MPLRRN06','VIANEY CRUZ MARTINEZ',3,5,'MTRAVIANEYCRUZ@OUTLOOK.COM','2223916343\r'),(225,'TOMI8808206I4','TOMI880820HPLRRV07','JOSE IVAN TORRES MORALES',36,5,'ARTUROMS2001@GMAIL.COM','2222557194\r'),(226,'GALC821104953','GALC821104HPLRPR15','CARLOS GARCIA LOPEZ',3,5,'CARLOS.388Z@GMAIL.COM','2223743013\r'),(227,'TEMA680702TE2','TEMA680702MTLLZL03','ALMA DELIA TELLEZ MEZA',3,5,'tellezalma@hotmail.com','2222099074\r'),(228,'DIAG890320GJ0','DIAG890320MPLZYB01','GABRIELA DIAZ AYALA',2,5,'GABYDANATY@HOTMAIL.COM','2383882313\r'),(229,'NELJ660808HZ6','NELJ660808HPLGPN08','JOSE JUAN NEGRETE LOPEZ',17,5,'dipokad744@septicvernon.com','7971090578\r'),(230,'NORD860217HD8','NORD860217MPLGMN02','DIANA NOGUERON RAMOS',3,1,'DIANA.NOGUERON@OUTLOOK.COM','2225671098\r'),(231,'AEML650621JA8','AEML650621HPLLRS03','LUIS ALLENDE MARTINEZ',37,5,'LUIGUI_16ALLEN@HOTMAIL.COM','2241092328\r'),(232,'MOEE8407201Y2','MOEE840720HPLLSR05','ERICK MOLINA ESPINOZA',3,4,'MOESER_CO@HOTMAIL.COM','2228418592\r'),(233,'HETP630118SD8','HETP630118MPLRTL03','PAULINA HERRERA TEUTLE',3,5,'GABBSCERON@GMAIL.COM','2212637730\r'),(234,'MESA580422KH4','MESA580422HPLNNL02','ALEJANDRO MENDEZ SANCHEZ',17,5,'yixam70538@teeshirtsprint.com','2256565656\r'),(235,'NAHA850115HSA','NAHA850115HPLVRL02','ALFONSO NAVA HERNANDEZ',29,5,'PAM_C57@HOTMAIL.COM','2224242424\r'),(236,'OOPS680620GW6','OOPS680620HPLRRL01','SILVERIO OROZCO PUERTOS',2,5,'silver_tlatoani@hotmail.com','2382187576\r'),(237,'FODJ640515JM8','FODJ640515HVZLRQ02','JOAQUIN FLORES DURAN',3,3,'weyada9987@pastortips.com','2323303030\r'),(238,'SOCD670217CW3','SOCD670217HPLTRN01','DANIEL HORACIO SOTO CRUZ',3,5,'CHIPO671@HOTMAIL.COM','2227723254\r'),(239,'AUSG640114B57','AUSG640114HPLHNN06','GONZALO AHUACATITAN SANTIBA!EZ',6,5,'GONZALOAHUACATITANSAN@GMAIL.COM','2313295481\r'),(240,'SALC7401035Z8','SALC740103HDFLPH15','CUAUHTEMOC SALVADOR LOPEZ',3,1,'POPMART0103@HOTMAIL.COM','2223622824\r'),(241,'MAVM601217Q95','MAVM601217HPLRRR01','MARIO MARIN VERA',3,5,'MARIOMVERA08@GMAIL.COM','2222094731\r'),(242,'TEFN601126UB8','TEFN601126HTLCLC12','NICOLAS TECPA FLORES',2,5,'NICOLASTECFLO@GMAIL.COM','2381163625\r'),(243,'ROMM880519   ','ROMM880519MPLDRR02','MARY CRUZ RODRIGUEZ MARTINEZ',28,5,'MARY_1500_288@HOTMAIL.COM','7761007413\r'),(244,'GUGM680906T54','GUGM680906MPLRZN01','MONICA GUERRA GUZMAN',3,5,'GUERRAGUZMONI@HOTMAIL.COM','2331465868\r'),(245,'EAMC820201','EAMC820201MPLSNL03','CELIA SAMANTA ESCALONA MONTIEL',3,1,'CSEM18@HOTMAIL.COM','2224553534\r'),(246,'DOSS671115MN4','DOSS671115MPLMRL00','SILVIA DOMINGUEZ SORIANO',3,5,'PEBLECITA@HOTMAIL.COM','2241057944\r'),(247,'CAAC611030BJA','CAAC611030MGRLSN09','CENOVIA CLARA ASTUDILLO',3,5,'MRS270393@GMAIL.COM','7571058114\r'),(248,'MORM8710137F3','MORM871013MPLRYR01','MARGARITA MORALES REYES',17,5,'MAGOS_87@HOTMAIL.COM','7971134999\r'),(249,'IAMA8408309D8','IAMA840830MPLBRL08','ALELY IBARRA MIRON',28,5,'ALIMIBM30@GMAIL.COM','7761077215\r'),(250,'GARO760315','GARO760315MPLRML18','OLIVIA IRENE GARCIA RAMIREZ',3,2,'OLIVIARAM1503@GMAIL.COM','2221941777\r'),(251,'MAOJ820319PG5','MAOJ820319HOCRRS05','JOSE MARTINEZ ORTEGA',9,3,'MAOJ1983@HOTMAIL.COM','5575266390\r'),(252,'FESM620102TW2','FESM620102HSPLNR03','MARCELINO FELIX SANCHEZ',28,5,'MARCE_010262@HOTMAIL.COM','7761064581\r'),(253,'EOPM8501226T8','EOPM850122MPLSRN01','MONICA ESCOBEDO PARRA',3,5,'MONYKE0822@GMAIL.COM','2221366815\r'),(254,'AASV830721D68','AASV830721MMCLNK00','VIKI ALVAREZ SANCHEZ',2,5,'PELUSA_050817@HOTMAIL.COM','2381636715\r'),(255,'JOVL7806046L5','JOVL780604MDFQZS09','LUISA JANNET JOAQUIN VAZQUEZ',3,5,'VAZQUEZ042015@HOTMAIL.COM','2229076828\r'),(256,'LOTV880320239','LOTV880320HPLPLC04','VICTOR ALEJANDRO LOPEZ TELLEZ',29,3,'ALETELLEZ2088@GMAIL.COM','2491023698\r'),(257,'HERA831230CC3','HERA831230HVZRMB06','ABRAHAM HERRERA RAMIREZ',26,3,'ABRAHAM01MTX@HOTMAIL.COM','7828282661\r'),(258,'RAMD661220','RAMD661220HPLMRM01','DOMINGO TEODORO RAMOS MARTINEZ',2,5,'TEO180813@OUTLOOK.ES','2381556610\r'),(259,'ZAMA8909147L9','ZAMA890914MPLMNZ02','AZUCENA ZAMUDIO MENDOZA',3,5,'SUSYZAMMEN@OUTLOOK.COM','2228123446\r'),(260,'ROPA580417L40','ROPA580417MPLDRN04','ANA MARIA RODRIGUEZ PERALTA',3,5,'ANYRP63@HOTMAIL.COM','2371055117\r'),(261,'MOMM880519565','MOMM880519MPLNRR00','MARILIN MONDRAGON MARQUEZ',28,5,'MONDRAGON0588@GMAIL.COM','7767673445\r'),(262,'MAHT840920I74','MAHT840920HPLRRM07','TOMAS MARTINEZ HERNANDEZ',3,4,'HEDOYAX486@PTCJI.COM','5567889589\r'),(263,'BAOA670327SQ1','BAOA670327MPLRRL02','ALMA ROSA BARRERA ORTEGA',3,5,'ROSABARRERAORT1@GMAIL.COM','2222132707\r'),(264,'BEMI890710442','BEMI890710HPLNRR01','IRVING RAFAEL BENITEZ MARTINEZ',3,5,'irrabema@hotmail.com','2223618918\r'),(265,'TEAR680217   ','TEAR680217HPLJNF03','RAFAEL TEJEDA ANZURES',5,5,'RAFA_TEJEDA17@HOTMAIL.COM','2441443789\r'),(266,'HECT651109QC9','HECT651109HPLRRD06','TEODORO HERNANDEZ CORTES',2,5,'WEYTLAKATL_TEO68@HOTMAIL.COM','2381635273\r'),(267,'BACC640219NW3','BACC640219MPLRSR07','CRISTINA BRAVO CASTILLO',2,5,'ACUARIO_FUEGO@HOTMAIL.COM','2381881760\r'),(268,'DIRD710401ETA','DIRD710401MPLZML08','MARIA DOLORES ROSARIO DIAZ ROMERO',3,3,'MADORI_37@YAHOO.COM.MX','2225881056\r'),(269,'PEAG710423KD0','PEAG710423MPLRVR06','MARIA GEORGINA PEREZ AVILA',15,3,'GINAGEOFER@YAHOO.COM','2213684185\r'),(270,'SAGA861014ME8','SAGA861014HPLNRB00','ABRAHAM SANTOS GARCIA',3,5,'ABRAGS@HOTMAIL.COM','2224963894\r'),(271,'AEME630421TB5','AEME630421MPLLRL18','ELIZABETH ALBERTO MARTINEZ',38,5,'ELI_63_04_21@HOTMAIL.COM','2382092675\r'),(272,'ROPL821229LD6','ROPL821229HGRDND05','LEODAN LEOPOLDO RODRIGUEZ PINZON',3,5,'RODRIGUEZLEODAN45@GMAIL.COM','7571122881\r'),(273,'CAAJ871223AM6','CAAJ871223HGRLBS03','JOSE DE JESUS CALDERON ABARCA',15,3,'JOSECA_725@HOTMAIL.COM','7561035789\r'),(274,'MODA691115CU9','MODA691115MPLRZD05','ADRIANA GUADALUPE MORALES DIAZ',15,5,'ADYMORALES12@HOTMAIL.COM','2221131751\r'),(275,'HUGA670722M81','HUGA670722HPLRRG07','AGUSTIN HUERTA GARCIA',6,5,'HUGA_22@HOTMAIL.COM','2313199732\r'),(276,'BAHE560123GN9','BAHE560123HPLRRL05','ELIAQUIN BRAVO HERNANDEZ',39,5,'BRAVOHELIAQUIN@GMAIL.COM','2751033309\r'),(277,'DOFP640226881','DOFP640226HGRRLR05','PORFIRIO FAUSTINO DORANTES FLORES',3,5,'MARCELAORTIZSANCHEZ65@GMAIL.COM','7571076374\r'),(278,'CARM881014337','CARM881014MPLNMR01','MARTHA ISABEL CANO ROMERO',8,5,'LUCA_BELA_051209@OUTLOOK.COM','2331147491\r'),(279,'VAFR831120','VAFR831120HPLLLB04','ROBERTO CARLOS VALERA FLORES',3,5,'BETO_ATOMIC@HOTMAIL.COM','2223187065\r'),(280,'SADP6404121G9','SADP640412HTLMZS09','PASCUAL SAMPEDRO DIAZ',3,5,'BRYAN32DC@HOTMAIL.COM','2228584561\r'),(281,'SOGR790707AW7','SOGR790707MVZBMF08','RUFINA SOBREVILLA GAMINO',3,3,'RSOBREVILLA7@HOTMAIL.COM','2226767717\r'),(282,'AIOH881221GTA','AIOH881221HPLVSC04','HECTOR AVILA OSORIO',40,5,'HECTOR_AVILA21@HOTMAIL.COM','7461117613\r'),(283,'MOLM600715TH5','MOLM600715MPLRPR05','MARGARITA MORAN LOPEZ',3,5,'MORAN_LOP@HOTMAIL.COM','2751100503\r'),(284,'GOUR7307077Y9','GOUR730707MPLMLC00','ROCIO GOMEZ ULLOA',3,5,'R.O.S.Y.19@HOTMAIL.COM','2491051106\r'),(285,'ROPB6503219G9','ROPB650321HVZDLN05','BENITO BENJAMIN RODRIGUEZ PALESTINO',3,5,'MTROBENITOBENJA@GMAIL.COM','2727426965\r'),(286,'CUMA851215H87','CUMA851215MVZRNN02','MARIA DE LOS ANGELES CRUZ MENDO',12,3,'ANGELESMENDO15@GMAIL.COM','7858300083\r'),(287,'GAGG630815HYA','GAGG630815MPLRRR00','GEORGINA GARCIA GARCIA',8,5,'COKIS1963@HOTMAIL.COM','2331208342\r'),(288,'CARJ650113CAA','CARJ650113HHGRYC07','JACINTO CARDENAS REYES',8,5,'JCHINTO65@GMAIL.COM','7711493862\r'),(289,'CABD860130LD2','CABD860130MMCSLN02','DENISE ADRIANA CASTILLA BELLO',2,5,'PROFRA.DENISECASTILLA@GMAIL.COM','5520286843\r'),(290,'GAPI660508UEA','GAPI660508MPLRRM05','IMELDA GARCIA PERYA!EZ',41,5,'GC.PYZ.IMELDA@GMAIL.COM','2331258524\r'),(291,'BARP850904719','BARP850904HPLLZB06','PABLO BALCAZAR RUIZ',3,5,'PABLUI26@HOTMAIL.COM','5528435993\r'),(292,'CILG850609RL5','CILG850609HPLHBB02','GIBRAN CHILADO LOBATO',3,5,'GIBSTERCH@GMAIL.COM','7971103999\r'),(293,'RAPL650905SC6','RAPL650905MTLMTR14','LORENZA MARIA DE LOS ANGELES RAMIREZ POTRERO',3,5,'ADAIRHD@GMAIL.COM','2214342611\r'),(294,'BARF850715000','BARF850715MGRSYL06','FLORIDA BASILIO REYES',3,3,'Y.U.RY85@HOTMAIL.COM','7571062593\r'),(295,'VELJ8607222E2','VELJ860722HPLRPS05','JOSE DE JESUS VERONA LOPEZ',6,4,'VERONALPZ29@GMAIL.COM','2311124551\r'),(296,'GOCA780604HJ4','GOCA780604MPLNRN01','ANGELICA GONZALEZ DE LA CRUZ',3,3,'ANGIE.GDELACRUZ@GMAIL.COM','2221267863\r'),(297,'ROVP890406QQ3','ROVP890406HGRJLD08','PEDRO ROJAS VILLA',3,5,'DIVERSITI200@GMAIL.COM','7571089985\r'),(298,'VAMO910321IT2','VAMO910321HDFRRM01','OMAR VARGAS MARTINEZ',2,3,'OIIIAR21@GMAIL.COM','2383941253\r'),(299,'SAJE6008183Y3','SAJE600818MDFNML07','MARIA ELENA SANCHEZ JIMENEZ',2,5,'ELENA_81828@HOTMAIL.COM','2381866778\r'),(300,'ROHY830817DSA','ROHY830817MMSDRN02','YANELLY FANY RODRIGUEZ HERRERA',3,5,'ING_INNOVACION@YAHOO.COM.MX','7351134815\r'),(301,'ROAC690806DB2','ROAC690806MPLJLR19','MA. DEL CARMEN ROJAS ALCANTARA',3,3,'tramitess0129@gmail.com','2228633295\r'),(302,'RAGA650401PD4','RAGA650401HPLMRN03','ANSELMO RAMIREZ GARCIA',42,5,'LILICABA3127@GMAIL.COM','9531127605\r'),(303,'KEJM770604','KEJM770604MPLRMR01','MIRNA ELIZABETH KRENEK JIMENEZ',3,4,'M.KRENEK@HOTMAIL.COM','9161021429\r'),(304,'COAM870808RS8','COAM870808HPLRRG02','MIGUEL ANGEL CORONA ARIAS',23,4,'MIGUELAN_CROWN@HOTMAIL.COM','2481087321\r'),(305,'MACU6305255Z5','MACU630525HPLRSR00','URBANO MARTINEZ CASTILLO',3,5,'MARTINEZCASTILLOU@GMAIL.COM','2224346912\r'),(306,'GAAD8502171V0','GAAD850217HDFRGN05','DANIEL GARCIA AGUILAR',3,5,'DGARCIA.85@HOTMAIL.COM','7331189358\r'),(307,'SAGA561013BA3','SAGA561013HPLLRL01','ALFREDO SALDIVAR GARCIA',3,5,'RMANI.VIAS@GMAIL.COM','2221790451\r'),(308,'MEML761109EF6','MEML761109HPLNRN09','LEONARDO MENDEZ MARQUEZ',3,4,'ABOGMARQUEZ@MSN.COM','2381179458\r'),(309,'VEPE850529K15','VEPE850529MPLLRL03','ELIZABETH GABRIELA VELAZQUEZ PEREZ',3,5,'GABVE_14@HOTMAIL.COM','2212500268\r'),(310,'PEHT860207','PEHT860207MVZRRN00','TANIA LIZETH PEREZ HERNANDEZ',6,5,'TANIALIZ0702@GMAIL.COM','2311502329\r'),(311,'ROPL830201H24','ROPL830201HPLJCS04','LUIS ENRIQUE ROJAS PACHECO',43,5,'REEKI2007@HOTMAIL.COM','2751001794\r'),(312,'VAMN680624SQ2','VAMN680624MVZZRT09','NATIVIDAD VAZQUEZ MORENO',3,5,'natividadvazquez99@gmail.com','7841241850\r'),(313,'ROHG670325CR4','ROHG670325MPLSRL02','GLORIA DE LA ROSA HERNANDEZ',44,5,'M_ANUELDELAROSA@HOTMAIL.COM','2451036814\r'),(314,'MAHJ680714GU4','MAHJ680714MPLRRL07','JULIA MARTINEZ HERNANDEZ',28,5,'JULICH@LIVE.COM.MX','7761051553\r'),(315,'MARP8703013A2','MARP870301MASLML05','MARIA DEL PILAR MAULEON RAMIREZ',3,5,'MAULEONRMARIA.PILAR@GMAIL.COM','2223424464\r'),(316,'VEHA740112NH1','VEHA740112MPLLRD05','ADRIANA VELAZQUEZ HUERTA',3,5,'ADRIANA_PSIC@HOTMAIL.COM','2224416345\r'),(317,'PACY660727QY3','PACY660727MPLNSL05','YOLANDA GRACIELA PANTZI CASTRO',2,5,'YOLA_PANTZI15@HOTMAIL.COM','2383930288\r'),(318,'HEBC871027B78','HEBC871027HPLRRR02','CARLOS BASILIO HERNANDEZ BERMEJO',3,5,'CARLOSJEFE20@HOTMAIL.COM','2222564146\r'),(319,'MAAG590919KGA','MAAG590919HPLRCN06','GENARO ESTEBAN MARQUEZ ACEVEDO',6,5,'GENARO_19_91@HOTMAIL.COM','2311076925\r'),(320,'CEGR780517   ','CEGR780517HDFRNM05','RAMON CEREZO GONZALEZ',5,5,'RAMON_CEREZO78@OUTLOOK.COM','2444427541\r'),(321,'CALN831016INA','CALN831016HPLRRM04','NAIM CARRERA LARA',2,5,'EFECTIVO1973@HOTMAIL.COM','2381653483\r'),(322,'FEGC6505204I6','FEGC650520MPLRTR04','CRISTINA FERNANDEZ GUTIERREZ',3,5,'CRIIZFDZ@GMAIL.COM','2491639659\r'),(323,'GORR610520M1A','GORR610520MMNNSS01','MARIA DEL ROSARIO GONZALEZ ROSALES',3,5,'JAZZ_LITA1811@HOTMAIL.COM','2229297205\r'),(324,'HEEH6311272C8','HEEH631127HPLRSC02','HECTOR HERRERA ESCOBEDO',28,5,'TICHER_OFE@HOTMAIL.ES','7761244994\r'),(325,'CARL670103KW8','CARL670103MPLSDR03','LAURA OLIVIA CASTELAN RODRIGUEZ',3,5,'CASTELANRODRIGUEZLAURAOLIVIA@GMAIL.COM','2225815041\r'),(326,'AEMP650428E69','AEMP650428HPLLRB01','PABLO MARTIN ALEJO MARTINEZ',3,5,'PABLO.MARTIN.ALEJO.MARTINEZ@GMAIL.COM','2361314616\r'),(327,'MAHR6706149V2','MAHR670614MPLRRF04','RUFINA MARTINEZ HERNANDEZ',34,5,'RUFMTZ67@HOTMAIL.COM','2311751440\r'),(328,'LIJS750823E58','LIJS750823MPLMRL00','SILVIA LETICIA LIMON JUAREZ',3,5,'QFBSILVIA@HOTMAIL.COM','2225161442\r'),(329,'JEFE6710205G8','JEFE671020HPLSLL07','ELOY DE JESUS FLORES',45,5,'ELOY.DEJESUS@HOTMAIL.COM','2231206686\r'),(330,'GARV851230   ','GARV851230HPLNSN17','VENUSTIANO CARLOS DE GANTE ROSAS',3,5,'CARLOS_DE_GANTE@HOTMAIL.COM','2221479514\r'),(331,'LEVL650521TG2','LEVL650521HPLNVS00','LUIS ANDRES DE LEON VIVAR',46,5,'JOSELUISDELEONMATAMOROS@HOTMAIL.COM','2431203977\r'),(332,'CANE680510SN2','CANE680510MPLNVD07','EDITH CANO NAVA',47,5,'ECANONAVA@GMAIL.COM','2236880262\r'),(333,'SAMW840719   ','SAMW840719MPLLRN09','MARIA WENDY SALVADOR MORALES',3,5,'SALVADORMORALESWENDY@GMAIL.COM','0452225256114\r'),(334,'CUNA870312TN1','CUNA870312HTCRXN02','ANGEL GABRIEL CRUZ NI!O',5,5,'licangelcruz@yahoo.com','2444480509\r'),(335,'GAAF670621UKA','GAAF670621HCSRLR05','FRANCISCO GARCIA ALVAREZ',3,5,'ALVAREZGARCIAFG2829@GMAIL.COM','2212659880\r'),(336,'RAGF840225UPA','RAGF840225HPLMNR04','FRANCISCO JAVIER RAMIREZ GONZAGA',3,5,'FRAN_JAVO@HOTMAIL.COM','2223347458\r'),(337,'GURC680517NJ2','GURC680517MPLTMR05','MARIA DEL CARMEN GUTIERREZ RAMOS',48,5,'CAR_RAM0517@HOTMAIL.COM','2451196595\r'),(338,'BIEE630606IG3','BIEE630606HPLRSF04','EFRAIN BRINDIS ESTEBAN',23,5,'BRINDISEFRAIN79@GMAIL.COM','2481588213\r'),(339,'MEVE840114BH0','MEVE840114HVZRZD04','EDHER MERINO VAZQUEZ',3,5,'ROSARIO830117@GMAIL.COM','2228132841\r'),(340,'SARC66060946A','SARC660609MPLLZR12','CRISTINA SALINAS RUIZ',3,5,'SARC660609@HOTMAIL.COM','7971106599\r'),(341,'KARY880628EY0','KARY880628MPLNJZ00','YAZMIN NICTE!HA KANTUN ROJAS',29,5,'KARYNICTE_HA@HOTMAIL.COM','2491119723\r'),(342,'REZI840813   ','REZI840813HPLYMS09','ISRAEL REYES ZAMORA',12,5,'ISRAELREYESZAMORA7@GMAIL.COM','2215191746\r'),(343,'GALN760322KU9','GALN760322HOCRRS02','NESTOR GARCIA LARA',3,3,'CARIORREXIS@HOTMAIL.COM','2224384000\r'),(344,'JUSA860919LI1','JUSA860919HTLRNL00','ALEJANDRO JUAREZ SANCHEZ',3,3,'CUPERJS@HOTMAIL.COM','2461108048\r'),(345,'GOTJ830516LX6','GOTJ830516HGRNPV01','JAVIER GONZALEZ TAPIA',3,5,'FOVISSSTE.JAVIER.GONZALEZ@GMAIL.COM','7571003251\r'),(346,'CASL8606255D2','CASL860625MPLSRS06','MARIA LUISA CASTILLO SUAREZ',3,3,'MON_AAOZ@HOTMAIL.COM','2331063838\r'),(347,'IAIT671014H39','IAIT671014MPLSSR06','TERESA ISLAS ISLAS',49,5,'TEREISLAS5@HOTMAIL.COM','2761051571\r'),(348,'SOPA791123   ','SOPA791123MOCSLD19','ADALID SOSA PALACIO',3,3,'SOSITA_AZUL23@HOTMAIL.COM','2224422562\r'),(349,'MOMD710303KZ8','MOMD710303HPLRNM09','DEMETRIO MORA MENDEZ',3,3,'MORAMENDEZDEMETRIO71@OUTLOOK.ES','7971114848\r'),(350,'BALF610509KE9','BALF610509HPLRML11','FELIX BRAVO LIMA',3,2,'BRAVOFELIX125@GMAIL.COM','9531122696\r'),(351,'MASP730202G55','MASP730202HOCRLR02','PERFECTO MARTINEZ SALAZAR',3,5,'PEDAGOGOACTIVO@GMAIL.COM','7771414537\r'),(352,'ROPA600129UEA','ROPA600129HPLDRD09','ADALBERTO RODRIGUEZ PARRA',34,5,'ADALBERTOPARRA70@GMAIL.COM','2311445589\r'),(353,'RILI8410247R5','RILI841024MPLVYR04','IRAZEMA RIVERA LEYVA',3,5,'RILIX_13@HOTMAIL.COM','2431034852\r'),(354,'BALD900126J36','BALD900126MPLRPN03','DIANA GAELY BRAVO LOPEZ',3,5,'WIODIANITA@HOTMAIL.COM','2221155057\r'),(355,'NAGE6507186Z3','NAGE650718MPLVZG06','EUGENIA NAVARRO GUZMAN',3,5,'GENY_NAVA@HOTMAIL.COM','2431087386\r'),(356,'GOMC820125','GOMC820125MPLMRR01','CARINA GOMEZ MARQUEZ',3,5,'MTRACARINAGOMEZ@GMAIL.COM','2224292003\r'),(357,'AUMJ6107019D5','AUMJ610701HPLGNS00','JESUS AGUIRRE MONROY',15,5,'JESUSAGUIRRE0701@HOTMAIL.COM','2491635099\r'),(358,'VEAC6801257Q2','VEAC680125MGRLNR05','CIRILA VELAZQUEZ ANGEL',3,5,'HSANTOSV@HOTMAIL.COM','7571388626\r'),(359,'BOGP5904133I7','BOGP590413MPLNTL01','MARIA PAULA BONILLA GUTIERREZ',5,5,'MPBG_13@HOTMAIL.COM','2441143416\r'),(360,'FOCF6511108D7','FOCF651110HHGLNR04','FRANCISCO ANDRES FLORES CANDELARIA',18,5,'FRANCISCOFLORESCANDELARIA@YAHOO.COM.MX','7716564565\r'),(361,'GUTG650204RN9','GUTG650204HPLZPL07','GILBERTO GUZMAN TAPIA',3,5,'HMANCINO@HOTMAIL.COM','2228123945\r'),(362,'FOBN7203101P9','FOBN720310MPLLRN07','NANCY FLORES BRAVO',3,5,'NFLORESBRAVO720310@GMAIL.COM','2224608089\r'),(363,'MUGG650528R77','MUGG650528HPLXNR05','GERMAN FRANCISCO MU!OZ GONZALEZ',5,3,'GERMANFCOATLIXCO@HOTMAIL.COM','2444488969\r'),(364,'MEMA670105B62','MEMA670105MPLRXM07','AMELIA MERINO MU!IZ',3,5,'TCOMELY@HOTMAIL.COM','2751031389\r'),(365,'MIRH6805198F9','MIRH680519MPLRNR01','HORTENSIA MIRANDA RANGEL',3,5,'HORTENSIAMR1968@HOTMAIL.COM','2213582085\r'),(366,'AEJC670927UJ8','AEJC670927HPLVSS04','COSME AVELINO DE JESUS',2,5,'COSME.EVELINO67@GMAIL.COM','2241000293\r'),(367,'HICJ640505H6A','HICJ640505MPLJHK16','JAKELINE HIJUITL CHAPUL',3,5,'MEMA690806@GMAIL.COM','2224460475\r'),(368,'VIRK831114H69','VIRK831114MPLLJR01','KARLA VILLALBA ROJAS',15,1,'KARLA.VILLALBA.ROJAS@GMAIL.COM','2227098422\r'),(369,'SAMM6006171F7','SAMM600617HPLNRN11','MANUEL SANCHEZ MARTINEZ',2,5,'MANY6006@HOTMAIL.COM','2381011162\r'),(370,'JIFG5912125A7','JIFG591212MPLMLD06','GUADALUPE JIMENEZ FLORES',3,5,'JIMGUADA.59@GMAIL.COM','2331311022\r'),(371,'CARS571004KQA','CARS571004MSLBJC00','MARIA DEL SOCORRO CABRERA ROJAS',3,5,'SOCO_CRM@HOTMAIL.COM','2226580999\r'),(372,'DEMR580630S3A','DEMR580630MPLLRC09','MARIA DEL ROCIO LUCINA DELGADO MORALES',3,5,'SANTIEMILI@GMAIL.COM','2222222226\r'),(373,'OERA8508042M6','OERA850804HPLJML03','ALBERTO OJEDA ROMANO',6,5,'OJEDA_040885@HOTMAIL.COM','2311074052\r'),(374,'CAGE601115866','CAGE601115MOCSMM04','EMMA CASTELLANOS GOMEZ',3,5,'EMMACASTELLANOSG@GMAIL.COM','2223063832\r'),(375,'GOBO800111126','GOBO800111HPLNLS04','OSCAR GABRIEL GONZALEZ BELTRAN',3,4,'GABO.1180@HOTMAIL.COM','2227710393\r'),(376,'MATL670704TN4','MATL670704MPLLLR04','LAURA LETICIA MAULEON TLATELPA',47,5,'LAUMAUTLA@HOTMAIL.COM','2228420022\r'),(377,'EICM900820JK4','EICM900820MOCNRN07','MONICA ENRIQUEZ CARRASCO',3,5,'MONICA_SHAKY90@HOTMAIL.COM','2215900385\r'),(378,'CURI621105437','CURI621105MPLRSS04','ISABEL CRUZ ROSAS',3,5,'ABNERCITO9@HOTMAIL.COM','2223251588\r'),(379,'AAHI750515E40','AAHI750515MPLMRS02','ISIDRA CRISELDA AMAYO HERNANDEZ',28,5,'CRISELDAAMAYO621@GMAIL.COM','7761131520\r'),(380,'AAMR840127','AAMR840127HDFNRG08','ROGELIO ANDRADE MORALES',3,5,'ROGELIOANDRA@GMAIL.COM','2222779704\r'),(381,'TOPL700621TF0','TOPL700621HPLRCS02','LUIS TEODORO TORRES PACHECO',3,3,'MXDTEO@HOTMAIL.COM','2224813422\r'),(382,'AEMF640120   ','AEMF640120HPLRRB09','FABIAN HERON ARMENTA MARTINEZ',3,5,'FABIAN_HERON@HOTMAIL.COM','2214618190\r'),(383,'SIHF8610226Q8','SIHF861022HPLLRR00','FERNANDO DANIEL SILOS HERNANDEZ',15,5,'FDSILOS@HOTMAIL.COM','2221846218\r'),(384,'HEVD9004029U5','HEVD900402HDFRGN01','DANIEL HERNANDEZ VEGA',50,5,'ALIC.GIRLOVE@GMAIL.COM','2441235230\r'),(385,'CAVC680919ILA','CAVC680919MGRTGR00','MA! DEL CARMEN CATALAN VEGA',3,5,'CARMENCV.19@HOTMAIL.COM','7421003999\r'),(386,'BALJ780406TH7','BALJ780406HDFXBS03','JOSE BA!OS LABASTIDA',3,1,'JBL_78@HOTMAIL.COM','2224553207\r'),(387,'LOTE621130HD3','LOTE621130MPLPRL05','ELIZABETH LOPEZ TORRES',3,5,'MAESTRA_CHINITA@HOTMAIL.COM','2331051920\r'),(388,'JILS870110C90','JILS870110HPLMNL08','SALVADOR JIMENEZ LEON',7,5,'CHIMILUK_10@HOTMAIL.COM','2751101070\r'),(389,'RISE7610253X1','RISE761025MDFSNR05','ERIKA GUADALUPE RIOS SANTELIZ',9,3,'PERIKA1976@GMAIL.COM','5540038548\r'),(390,'PEAJ700808BVA','PEAJ700808MPLRPN04','JUANA PEREZ APARICIO',3,5,'JUANAPEREZAPARICIO50@GMAIL.COM','7761013659\r'),(391,'PECC830518Q93','PECC830518MOCRSL02','CLAUDIA DULCE PEREZ COSMES',3,3,'DULCE_27_24@HOTMAIL.COM','9535360506\r'),(392,'CAPA851121   ','CAPA851121MDFRRN01','ANGELICA CARRASCO PEREZ',3,3,'CARRASCOANGELICA2185@GMAIL.COM','5533334534\r'),(393,'HEHA821126SL6','HEHA821126HPLRRL00','ALVARO HERNANDEZ HERNANDEZ',3,1,'ALVARO.HERNANDEZH@SSPC.GOB.MX','8681743616\r'),(394,'NABL860624K25','NABL860624HPLVRC01','LUCIO NAVA BARRAGAN',2,5,'LUKESNA@HOTMAIL.COM','2382352967\r'),(395,'GOII780703JD5','GOII780703HMCMGG09','IGNACIO JESUS GOMEZ IGLESIAS',42,5,'IGEZ_NACHO@HOTMAIL.COM','9531787590\r'),(396,'VIGG851001NI3','VIGG851001MPLLNL00','GLORIA EVELIN VILLEGAS GONZALEZ',23,5,'NILEV18@GMAIL.COM','2212066042\r'),(397,'NIGM7910019B5','NIGM791001HPLTSR04','MARCO ARTURO NIETO GASPAR',3,5,'MARCO_NIG@HOTMAIL.COM','2229134460\r'),(401,'finaltest','finaltest1','FInal Test',12,NULL,'finaltest@gmail.com','12345678');
/*!40000 ALTER TABLE `Titular` ENABLE KEYS */;
UNLOCK TABLES;

--
-- Temporary view structure for view `munis`
--

DROP TABLE IF EXISTS `munis`;
/*!50001 DROP VIEW IF EXISTS `munis`*/;
SET @saved_cs_client     = @@character_set_client;
/*!50503 SET character_set_client = utf8mb4 */;
/*!50001 CREATE VIEW `munis` AS SELECT 
 1 AS `id_municipio`,
 1 AS `Municipio`,
 1 AS `Estado`*/;
SET character_set_client = @saved_cs_client;

--
-- Table structure for table `registro_filiacion`
--

DROP TABLE IF EXISTS `registro_filiacion`;
/*!40101 SET @saved_cs_client     = @@character_set_client */;
/*!50503 SET character_set_client = utf8mb4 */;
CREATE TABLE `registro_filiacion` (
  `id_cambio` int NOT NULL AUTO_INCREMENT,
  `id` int DEFAULT NULL,
  `nombre_titular` varchar(100) DEFAULT NULL,
  `fil_vieja` varchar(50) DEFAULT NULL,
  `fil_nueva` varchar(50) DEFAULT NULL,
  `fecha` datetime DEFAULT NULL,
  PRIMARY KEY (`id_cambio`)
) ENGINE=InnoDB AUTO_INCREMENT=6 DEFAULT CHARSET=utf8mb4 COLLATE=utf8mb4_0900_ai_ci;
/*!40101 SET character_set_client = @saved_cs_client */;

--
-- Dumping data for table `registro_filiacion`
--

LOCK TABLES `registro_filiacion` WRITE;
/*!40000 ALTER TABLE `registro_filiacion` DISABLE KEYS */;
INSERT INTO `registro_filiacion` VALUES (4,350,'FELIX BRAVO LIMA','SNTE','SNTE','2022-05-27 20:33:34'),(5,350,'FELIX BRAVO LIMA','SNTE','FEDESSP','2022-05-27 20:33:41');
/*!40000 ALTER TABLE `registro_filiacion` ENABLE KEYS */;
UNLOCK TABLES;

--
-- Final view structure for view `munis`
--

/*!50001 DROP VIEW IF EXISTS `munis`*/;
/*!50001 SET @saved_cs_client          = @@character_set_client */;
/*!50001 SET @saved_cs_results         = @@character_set_results */;
/*!50001 SET @saved_col_connection     = @@collation_connection */;
/*!50001 SET character_set_client      = utf8mb4 */;
/*!50001 SET character_set_results     = utf8mb4 */;
/*!50001 SET collation_connection      = utf8mb4_0900_ai_ci */;
/*!50001 CREATE ALGORITHM=UNDEFINED */
/*!50013 DEFINER=`root`@`localhost` SQL SECURITY DEFINER */
/*!50001 VIEW `munis` AS select `Municipio`.`id_municipio` AS `id_municipio`,`Municipio`.`nombre_m` AS `Municipio`,`Estado`.`nombre` AS `Estado` from (`Municipio` join `Estado` on((`Municipio`.`id_estado` = `Estado`.`id_estado`))) */;
/*!50001 SET character_set_client      = @saved_cs_client */;
/*!50001 SET character_set_results     = @saved_cs_results */;
/*!50001 SET collation_connection      = @saved_col_connection */;
/*!40103 SET TIME_ZONE=@OLD_TIME_ZONE */;

/*!40101 SET SQL_MODE=@OLD_SQL_MODE */;
/*!40014 SET FOREIGN_KEY_CHECKS=@OLD_FOREIGN_KEY_CHECKS */;
/*!40014 SET UNIQUE_CHECKS=@OLD_UNIQUE_CHECKS */;
/*!40101 SET CHARACTER_SET_CLIENT=@OLD_CHARACTER_SET_CLIENT */;
/*!40101 SET CHARACTER_SET_RESULTS=@OLD_CHARACTER_SET_RESULTS */;
/*!40101 SET COLLATION_CONNECTION=@OLD_COLLATION_CONNECTION */;
/*!40111 SET SQL_NOTES=@OLD_SQL_NOTES */;

-- Dump completed on 2022-06-06 18:54:17
